{"cameraMode":{"drawMode":0,"name":"Shaded","section":"Shading Mode"},"sceneLighting":true,"audioPlay":false,"sceneViewState":{"m_AlwaysRefresh":false,"showFog":true,"showSkybox":true,"showFlares":true,"showImageEffects":true,"showParticleSystems":true,"showVisualEffectGraphs":true,"m_FxEnabled":true},"in2DMode":false,"pivot":{"x":3.7178077697753908,"y":4.857654571533203,"z":-1.3510932922363282},"rotation":{"x":0.4318520724773407,"y":-0.1555938869714737,"z":0.07591000199317932,"w":0.8851756453514099},"size":15.676204681396485,"orthographic":false}